survey_date,target_year,expected_usd_per_eur,KEY,TITLE_COMPL,spot_usd_per_eur,expected_eur_per_usd,spot_eur_per_usd,expected_log_change_eur_per_usd,horizon_years_approx
2010-06-30,2011,1.327180326,SPF.Q.U2.ASSU.USD.2011.Q.AVG,Euro area (changing composition) - Assumptions - US dollar exchange rate in Euro - 2011 - Quarterly survey,1.2291,0.7534771126,0.8136034497,-0.07677444192,1
2010-09-30,2011,1.228208523,SPF.Q.U2.ASSU.USD.2011.Q.AVG,Euro area (changing composition) - Assumptions - US dollar exchange rate in Euro - 2011 - Quarterly survey,1.3601,0.8141939919,0.7352400559,0.1020016044,1
2010-09-30,2012,1.256579487,SPF.Q.U2.ASSU.USD.2012.Q.AVG,Euro area (changing composition) - Assumptions - US dollar exchange rate in Euro - 2012 - Quarterly survey,1.3601,0.7958111765,0.7352400559,0.07916488967,2
2010-12-31,2011,1.336141243,SPF.Q.U2.ASSU.USD.2011.Q.AVG,Euro area (changing composition) - Assumptions - US dollar exchange rate in Euro - 2011 - Quarterly survey,1.3269,0.7484238703,0.7536362951,-0.006940395451,1
2010-12-31,2012,1.318179502,SPF.Q.U2.ASSU.USD.2012.Q.AVG,Euro area (changing composition) - Assumptions - US dollar exchange rate in Euro - 2012 - Quarterly survey,1.3269,0.7586220229,0.7536362951,0.006593775406,2
2011-03-31,2012,1.330338999,SPF.Q.U2.ASSU.USD.2012.Q.AVG,Euro area (changing composition) - Assumptions - US dollar exchange rate in Euro - 2012 - Quarterly survey,1.4183,0.7516881043,0.7050694493,0.06402517529,1
2011-06-30,2012,1.359014369,SPF.Q.U2.ASSU.USD.2012.Q.AVG,Euro area (changing composition) - Assumptions - US dollar exchange rate in Euro - 2012 - Quarterly survey,1.4523,0.7358273926,0.6885629691,0.066388798,1
2011-09-30,2012,1.388725,SPF.Q.U2.ASSU.USD.2012.Q.AVG,Euro area (changing composition) - Assumptions - US dollar exchange rate in Euro - 2012 - Quarterly survey,1.3449,0.72008497,0.7435497063,-0.03206639916,1
2011-09-30,2013,1.365891176,SPF.Q.U2.ASSU.USD.2013.Q.AVG,Euro area (changing composition) - Assumptions - US dollar exchange rate in Euro - 2013 - Quarterly survey,1.3449,0.7321227468,0.7435497063,-0.01548743129,2
2011-12-31,2012,1.367659403,SPF.Q.U2.ASSU.USD.2012.Q.AVG,Euro area (changing composition) - Assumptions - US dollar exchange rate in Euro - 2012 - Quarterly survey,1.2973,0.7311761961,0.7708317274,-0.0528156323,1
2011-12-31,2013,1.374896188,SPF.Q.U2.ASSU.USD.2013.Q.AVG,Euro area (changing composition) - Assumptions - US dollar exchange rate in Euro - 2013 - Quarterly survey,1.2973,0.72732764,0.7708317274,-0.0580930474,2
2012-03-31,2013,1.311223604,SPF.Q.U2.ASSU.USD.2013.Q.AVG,Euro area (changing composition) - Assumptions - US dollar exchange rate in Euro - 2013 - Quarterly survey,1.3334,0.7626464293,0.7499625019,0.01677132073,1
2012-06-30,2013,1.30897114,SPF.Q.U2.ASSU.USD.2013.Q.AVG,Euro area (changing composition) - Assumptions - US dollar exchange rate in Euro - 2013 - Quarterly survey,1.2668,0.7639587837,0.7893905905,-0.03274740362,1
2012-09-30,2013,1.24812451,SPF.Q.U2.ASSU.USD.2013.Q.AVG,Euro area (changing composition) - Assumptions - US dollar exchange rate in Euro - 2013 - Quarterly survey,1.2856,0.8012021176,0.7778469197,0.02958350322,1
2012-09-30,2014,1.268778696,SPF.Q.U2.ASSU.USD.2014.Q.AVG,Euro area (changing composition) - Assumptions - US dollar exchange rate in Euro - 2014 - Quarterly survey,1.2856,0.7881595139,0.7778469197,0.0131707547,2
2012-12-31,2013,1.285058013,SPF.Q.U2.ASSU.USD.2013.Q.AVG,Euro area (changing composition) - Assumptions - US dollar exchange rate in Euro - 2013 - Quarterly survey,1.3186,0.7781749849,0.7583801001,0.02576670394,1
2012-12-31,2014,1.287064286,SPF.Q.U2.ASSU.USD.2014.Q.AVG,Euro area (changing composition) - Assumptions - US dollar exchange rate in Euro - 2014 - Quarterly survey,1.3186,0.7769619677,0.7583801001,0.02420669028,2
2013-03-31,2014,1.290834211,SPF.Q.U2.ASSU.USD.2014.Q.AVG,Euro area (changing composition) - Assumptions - US dollar exchange rate in Euro - 2014 - Quarterly survey,1.2816,0.7746928241,0.7802746567,-0.007179386864,1
2013-03-31,2015,1.291470588,SPF.Q.U2.ASSU.USD.2015.Q.AVG,Euro area (changing composition) - Assumptions - US dollar exchange rate in Euro - 2015 - Quarterly survey,1.2816,0.7743110909,0.7802746567,-0.007672262626,2
2013-06-30,2014,1.299626861,SPF.Q.U2.ASSU.USD.2014.Q.AVG,Euro area (changing composition) - Assumptions - US dollar exchange rate in Euro - 2014 - Quarterly survey,1.301,0.769451625,0.7686395081,0.001056006307,1
2013-06-30,2015,1.310319646,SPF.Q.U2.ASSU.USD.2015.Q.AVG,Euro area (changing composition) - Assumptions - US dollar exchange rate in Euro - 2015 - Quarterly survey,1.301,0.763172561,0.7686395081,-0.00713791253,2
2013-09-30,2014,1.282862623,SPF.Q.U2.ASSU.USD.2014.Q.AVG,Euro area (changing composition) - Assumptions - US dollar exchange rate in Euro - 2014 - Quarterly survey,1.3535,0.7795066926,0.7388252678,0.05359982537,1
2013-09-30,2015,1.287219977,SPF.Q.U2.ASSU.USD.2015.Q.AVG,Euro area (changing composition) - Assumptions - US dollar exchange rate in Euro - 2015 - Quarterly survey,1.3535,0.7768679931,0.7388252678,0.05020899401,2
2013-12-31,2014,1.297577858,SPF.Q.U2.ASSU.USD.2014.Q.AVG,Euro area (changing composition) - Assumptions - US dollar exchange rate in Euro - 2014 - Quarterly survey,1.3779,0.7706666649,0.7257420713,0.06006126085,1
2013-12-31,2015,1.287868421,SPF.Q.U2.ASSU.USD.2015.Q.AVG,Euro area (changing composition) - Assumptions - US dollar exchange rate in Euro - 2015 - Quarterly survey,1.3779,0.7764768385,0.7257420713,0.06757213612,2
2014-03-31,2015,1.293771667,SPF.Q.U2.ASSU.USD.2015.Q.AVG,Euro area (changing composition) - Assumptions - US dollar exchange rate in Euro - 2015 - Quarterly survey,1.3777,0.7729339154,0.7258474269,0.06285371699,1
2014-03-31,2016,1.288977419,SPF.Q.U2.ASSU.USD.2016.Q.AVG,Euro area (changing composition) - Assumptions - US dollar exchange rate in Euro - 2016 - Quarterly survey,1.3777,0.7758087807,0.7258474269,0.06656623622,2
2014-06-30,2015,1.306974734,SPF.Q.U2.ASSU.USD.2015.Q.AVG,Euro area (changing composition) - Assumptions - US dollar exchange rate in Euro - 2015 - Quarterly survey,1.369,0.7651257322,0.7304601899,0.04636544342,1
2014-06-30,2016,1.295246195,SPF.Q.U2.ASSU.USD.2016.Q.AVG,Euro area (changing composition) - Assumptions - US dollar exchange rate in Euro - 2016 - Quarterly survey,1.369,0.7720539956,0.7304601899,0.05537975739,2
2014-09-30,2015,1.306524594,SPF.Q.U2.ASSU.USD.2015.Q.AVG,Euro area (changing composition) - Assumptions - US dollar exchange rate in Euro - 2015 - Quarterly survey,1.2628,0.7653893428,0.7918910358,-0.03403915214,1
2014-09-30,2016,1.2920025,SPF.Q.U2.ASSU.USD.2016.Q.AVG,Euro area (changing composition) - Assumptions - US dollar exchange rate in Euro - 2016 - Quarterly survey,1.2628,0.7739923104,0.7918910358,-0.02286186264,2
2014-12-31,2015,1.242870455,SPF.Q.U2.ASSU.USD.2015.Q.AVG,Euro area (changing composition) - Assumptions - US dollar exchange rate in Euro - 2015 - Quarterly survey,1.2101,0.8045890836,0.8263779853,-0.02672058628,1
2014-12-31,2016,1.233769231,SPF.Q.U2.ASSU.USD.2016.Q.AVG,Euro area (changing composition) - Assumptions - US dollar exchange rate in Euro - 2016 - Quarterly survey,1.2101,0.8105243469,0.8263779853,-0.01937089807,2
2015-03-31,2016,1.172775928,SPF.Q.U2.ASSU.USD.2016.Q.AVG,Euro area (changing composition) - Assumptions - US dollar exchange rate in Euro - 2016 - Quarterly survey,1.0741,0.8526778012,0.9310120101,-0.08789042544,1
2015-03-31,2017,1.184293009,SPF.Q.U2.ASSU.USD.2017.Q.AVG,Euro area (changing composition) - Assumptions - US dollar exchange rate in Euro - 2017 - Quarterly survey,1.0741,0.844385631,0.9310120101,-0.09766287838,2
2015-06-30,2016,1.080943966,SPF.Q.U2.ASSU.USD.2016.Q.AVG,Euro area (changing composition) - Assumptions - US dollar exchange rate in Euro - 2016 - Quarterly survey,1.1154,0.9251173337,0.8965393581,0.03137838274,1
2015-06-30,2017,1.115831056,SPF.Q.U2.ASSU.USD.2017.Q.AVG,Euro area (changing composition) - Assumptions - US dollar exchange rate in Euro - 2017 - Quarterly survey,1.1154,0.8961930167,0.8965393581,-0.0003863838085,2
2015-09-30,2016,1.085685227,SPF.Q.U2.ASSU.USD.2016.Q.AVG,Euro area (changing composition) - Assumptions - US dollar exchange rate in Euro - 2016 - Quarterly survey,1.1162,0.9210772836,0.8958967927,0.02771872585,1
2015-09-30,2017,1.124882353,SPF.Q.U2.ASSU.USD.2017.Q.AVG,Euro area (changing composition) - Assumptions - US dollar exchange rate in Euro - 2017 - Quarterly survey,1.1162,0.8889818543,0.8958967927,-0.007748395652,2
2015-12-31,2016,1.0977456,SPF.Q.U2.ASSU.USD.2016.Q.AVG,Euro area (changing composition) - Assumptions - US dollar exchange rate in Euro - 2016 - Quarterly survey,1.0859,0.9109578759,0.92089511,-0.01084948601,1
2015-12-31,2017,1.127092326,SPF.Q.U2.ASSU.USD.2017.Q.AVG,Euro area (changing composition) - Assumptions - US dollar exchange rate in Euro - 2017 - Quarterly survey,1.0859,0.8872387623,0.92089511,-0.03723201701,2
2016-03-31,2017,1.098951111,SPF.Q.U2.ASSU.USD.2017.Q.AVG,Euro area (changing composition) - Assumptions - US dollar exchange rate in Euro - 2017 - Quarterly survey,1.139,0.9099585868,0.8779631255,0.03579449492,1
2016-03-31,2018,1.142362703,SPF.Q.U2.ASSU.USD.2018.Q.AVG,Euro area (changing composition) - Assumptions - US dollar exchange rate in Euro - 2018 - Quarterly survey,1.139,0.8753787196,0.8779631255,-0.002947979411,2
2016-06-30,2017,1.105545461,SPF.Q.U2.ASSU.USD.2017.Q.AVG,Euro area (changing composition) - Assumptions - US dollar exchange rate in Euro - 2017 - Quarterly survey,1.1032,0.9045308723,0.9064539521,-0.002123795299,1
2016-06-30,2018,1.130653559,SPF.Q.U2.ASSU.USD.2018.Q.AVG,Euro area (changing composition) - Assumptions - US dollar exchange rate in Euro - 2018 - Quarterly survey,1.1032,0.8844442155,0.9064539521,-0.02458078889,2
2016-09-30,2017,1.10104863,SPF.Q.U2.ASSU.USD.2017.Q.AVG,Euro area (changing composition) - Assumptions - US dollar exchange rate in Euro - 2017 - Quarterly survey,1.1238,0.9082250978,0.8898380495,0.02045277371,1
2016-09-30,2018,1.117210484,SPF.Q.U2.ASSU.USD.2018.Q.AVG,Euro area (changing composition) - Assumptions - US dollar exchange rate in Euro - 2018 - Quarterly survey,1.1238,0.8950864806,0.8898380495,0.005880860653,2
2016-12-31,2017,1.104251984,SPF.Q.U2.ASSU.USD.2017.Q.AVG,Euro area (changing composition) - Assumptions - US dollar exchange rate in Euro - 2017 - Quarterly survey,1.0552,0.9055904036,0.9476876422,-0.04543784588,1
2016-12-31,2018,1.1161875,SPF.Q.U2.ASSU.USD.2018.Q.AVG,Euro area (changing composition) - Assumptions - US dollar exchange rate in Euro - 2018 - Quarterly survey,1.0552,0.8959068257,0.9476876422,-0.05618853818,2
2017-03-31,2018,1.054990184,SPF.Q.U2.ASSU.USD.2018.Q.AVG,Euro area (changing composition) - Assumptions - US dollar exchange rate in Euro - 2018 - Quarterly survey,1.0698,0.9478761176,0.9347541597,0.01394025219,1
2017-03-31,2019,1.086112602,SPF.Q.U2.ASSU.USD.2019.Q.AVG,Euro area (changing composition) - Assumptions - US dollar exchange rate in Euro - 2019 - Quarterly survey,1.0698,0.9207148488,0.9347541597,-0.01513318598,2
2017-06-30,2018,1.076476763,SPF.Q.U2.ASSU.USD.2018.Q.AVG,Euro area (changing composition) - Assumptions - US dollar exchange rate in Euro - 2018 - Quarterly survey,1.1411,0.9289564203,0.8763473841,0.05829925784,1
2017-06-30,2019,1.101474489,SPF.Q.U2.ASSU.USD.2019.Q.AVG,Euro area (changing composition) - Assumptions - US dollar exchange rate in Euro - 2019 - Quarterly survey,1.1411,0.9078739545,0.8763473841,0.03534298278,2
2017-09-30,2018,1.126827445,SPF.Q.U2.ASSU.USD.2018.Q.AVG,Euro area (changing composition) - Assumptions - US dollar exchange rate in Euro - 2018 - Quarterly survey,1.1813,0.8874473236,0.8465250148,0.04720941394,1
2017-09-30,2019,1.156766061,SPF.Q.U2.ASSU.USD.2019.Q.AVG,Euro area (changing composition) - Assumptions - US dollar exchange rate in Euro - 2019 - Quarterly survey,1.1813,0.8644790278,0.8465250148,0.02098729343,2
2017-12-31,2018,1.188678851,SPF.Q.U2.ASSU.USD.2018.Q.AVG,Euro area (changing composition) - Assumptions - US dollar exchange rate in Euro - 2018 - Quarterly survey,1.2022,0.84127012,0.8318083514,0.0113107301,1
2017-12-31,2019,1.2073062,SPF.Q.U2.ASSU.USD.2019.Q.AVG,Euro area (changing composition) - Assumptions - US dollar exchange rate in Euro - 2019 - Quarterly survey,1.2022,0.8282902877,0.8318083514,-0.004238385373,2
2018-03-31,2019,1.221863401,SPF.Q.U2.ASSU.USD.2019.Q.AVG,Euro area (changing composition) - Assumptions - US dollar exchange rate in Euro - 2019 - Quarterly survey,1.232,0.8184220911,0.8116883117,0.008261793384,1
2018-03-31,2020,1.227153779,SPF.Q.U2.ASSU.USD.2020.Q.AVG,Euro area (changing composition) - Assumptions - US dollar exchange rate in Euro - 2020 - Quarterly survey,1.232,0.8148937947,0.8116883117,0.00394137766,2
2018-06-30,2019,1.256001348,SPF.Q.U2.ASSU.USD.2019.Q.AVG,Euro area (changing composition) - Assumptions - US dollar exchange rate in Euro - 2019 - Quarterly survey,1.1677,0.7961774897,0.8563843453,-0.07289713892,1
2018-06-30,2020,1.254215953,SPF.Q.U2.ASSU.USD.2020.Q.AVG,Euro area (changing composition) - Assumptions - US dollar exchange rate in Euro - 2020 - Quarterly survey,1.1677,0.7973108598,0.8563843453,-0.07147463681,2
2018-09-30,2019,1.209147935,SPF.Q.U2.ASSU.USD.2019.Q.AVG,Euro area (changing composition) - Assumptions - US dollar exchange rate in Euro - 2019 - Quarterly survey,1.1622,0.827028663,0.860437102,-0.03960116493,1
2018-09-30,2020,1.228936457,SPF.Q.U2.ASSU.USD.2020.Q.AVG,Euro area (changing composition) - Assumptions - US dollar exchange rate in Euro - 2020 - Quarterly survey,1.1622,0.8137117215,0.860437102,-0.05583436553,2
2018-12-31,2019,1.186533544,SPF.Q.U2.ASSU.USD.2019.Q.AVG,Euro area (changing composition) - Assumptions - US dollar exchange rate in Euro - 2019 - Quarterly survey,1.1456,0.8427911755,0.8729050279,-0.03510755032,1
2018-12-31,2020,1.210667369,SPF.Q.U2.ASSU.USD.2020.Q.AVG,Euro area (changing composition) - Assumptions - US dollar exchange rate in Euro - 2020 - Quarterly survey,1.1456,0.8259907102,0.8729050279,-0.05524323505,2
2019-03-31,2020,1.196009545,SPF.Q.U2.ASSU.USD.2020.Q.AVG,Euro area (changing composition) - Assumptions - US dollar exchange rate in Euro - 2020 - Quarterly survey,1.1228,0.8361137283,0.8906305664,-0.063165071,1
2019-03-31,2021,1.210577404,SPF.Q.U2.ASSU.USD.2021.Q.AVG,Euro area (changing composition) - Assumptions - US dollar exchange rate in Euro - 2021 - Quarterly survey,1.1228,0.8260520941,0.8906305664,-0.07527187404,2
2019-06-30,2020,1.176471673,SPF.Q.U2.ASSU.USD.2020.Q.AVG,Euro area (changing composition) - Assumptions - US dollar exchange rate in Euro - 2020 - Quarterly survey,1.1374,0.8499992165,0.8791981713,-0.03377489541,1
2019-06-30,2021,1.194483496,SPF.Q.U2.ASSU.USD.2021.Q.AVG,Euro area (changing composition) - Assumptions - US dollar exchange rate in Euro - 2021 - Quarterly survey,1.1374,0.837181931,0.8791981713,-0.04896891543,2
2019-09-30,2020,1.159930278,SPF.Q.U2.ASSU.USD.2020.Q.AVG,Euro area (changing composition) - Assumptions - US dollar exchange rate in Euro - 2020 - Quarterly survey,1.0905,0.8621207832,0.9170105456,-0.06172359177,1
2019-09-30,2021,1.181967679,SPF.Q.U2.ASSU.USD.2021.Q.AVG,Euro area (changing composition) - Assumptions - US dollar exchange rate in Euro - 2021 - Quarterly survey,1.0905,0.8460468231,0.9170105456,-0.08054426774,2
2019-12-31,2020,1.125302878,SPF.Q.U2.ASSU.USD.2020.Q.AVG,Euro area (changing composition) - Assumptions - US dollar exchange rate in Euro - 2020 - Quarterly survey,1.1227,0.8886496423,0.8907098958,-0.002315725862,1
2019-12-31,2021,1.154055036,SPF.Q.U2.ASSU.USD.2021.Q.AVG,Euro area (changing composition) - Assumptions - US dollar exchange rate in Euro - 2021 - Quarterly survey,1.1227,0.8665098015,0.8907098958,-0.02754535978,2
2020-03-31,2021,1.143075416,SPF.Q.U2.ASSU.USD.2021.Q.AVG,Euro area (changing composition) - Assumptions - US dollar exchange rate in Euro - 2021 - Quarterly survey,1.1016,0.8748329165,0.9077705156,-0.03695869502,1
2020-03-31,2022,1.158637713,SPF.Q.U2.ASSU.USD.2022.Q.AVG,Euro area (changing composition) - Assumptions - US dollar exchange rate in Euro - 2022 - Quarterly survey,1.1016,0.8630825573,0.9077705156,-0.05048126094,2
2020-06-30,2021,1.123148555,SPF.Q.U2.ASSU.USD.2021.Q.AVG,Euro area (changing composition) - Assumptions - US dollar exchange rate in Euro - 2021 - Quarterly survey,1.1237,0.8903541701,0.8899172377,0.0004908604299,1
2020-06-30,2022,1.130809549,SPF.Q.U2.ASSU.USD.2022.Q.AVG,Euro area (changing composition) - Assumptions - US dollar exchange rate in Euro - 2022 - Quarterly survey,1.1237,0.8843222108,0.8899172377,-0.006306978918,2
2020-09-30,2021,1.144571695,SPF.Q.U2.ASSU.USD.2021.Q.AVG,Euro area (changing composition) - Assumptions - US dollar exchange rate in Euro - 2021 - Quarterly survey,1.1723,0.8736892624,0.85302397,0.02393712952,1
2020-09-30,2022,1.151927503,SPF.Q.U2.ASSU.USD.2022.Q.AVG,Euro area (changing composition) - Assumptions - US dollar exchange rate in Euro - 2022 - Quarterly survey,1.1723,0.8681101872,0.85302397,0.01753100252,2
2020-12-31,2021,1.186774634,SPF.Q.U2.ASSU.USD.2021.Q.AVG,Euro area (changing composition) - Assumptions - US dollar exchange rate in Euro - 2021 - Quarterly survey,1.223,0.8426199644,0.8176614881,0.03006762082,1
2020-12-31,2022,1.195742051,SPF.Q.U2.ASSU.USD.2022.Q.AVG,Euro area (changing composition) - Assumptions - US dollar exchange rate in Euro - 2022 - Quarterly survey,1.223,0.8363007715,0.8176614881,0.02253990062,2
2021-03-31,2022,1.2317689,SPF.Q.U2.ASSU.USD.2022.Q.AVG,Euro area (changing composition) - Assumptions - US dollar exchange rate in Euro - 2022 - Quarterly survey,1.1743,0.8118405976,0.8515711488,-0.04777904111,1
2021-03-31,2023,1.233343944,SPF.Q.U2.ASSU.USD.2023.Q.AVG,Euro area (changing composition) - Assumptions - US dollar exchange rate in Euro - 2023 - Quarterly survey,1.1743,0.8108038351,0.8515711488,-0.04905690898,2
2021-06-30,2022,1.199023288,SPF.Q.U2.ASSU.USD.2022.Q.AVG,Euro area (changing composition) - Assumptions - US dollar exchange rate in Euro - 2022 - Quarterly survey,1.1848,0.834012158,0.8440243079,-0.01193331479,1
2021-06-30,2023,1.204964278,SPF.Q.U2.ASSU.USD.2023.Q.AVG,Euro area (changing composition) - Assumptions - US dollar exchange rate in Euro - 2023 - Quarterly survey,1.1848,0.829900121,0.8440243079,-0.01687593757,2
2021-09-30,2022,1.204741194,SPF.Q.U2.ASSU.USD.2022.Q.AVG,Euro area (changing composition) - Assumptions - US dollar exchange rate in Euro - 2022 - Quarterly survey,1.1577,0.8300537952,0.863781636,-0.0398294886,1
2021-09-30,2023,1.217337771,SPF.Q.U2.ASSU.USD.2023.Q.AVG,Euro area (changing composition) - Assumptions - US dollar exchange rate in Euro - 2023 - Quarterly survey,1.1577,0.8214646945,0.863781636,-0.05023104102,2
2021-12-31,2022,1.183815366,SPF.Q.U2.ASSU.USD.2022.Q.AVG,Euro area (changing composition) - Assumptions - US dollar exchange rate in Euro - 2022 - Quarterly survey,1.1318,0.8447263221,0.8835483301,-0.04493329757,1
2021-12-31,2023,1.193202051,SPF.Q.U2.ASSU.USD.2023.Q.AVG,Euro area (changing composition) - Assumptions - US dollar exchange rate in Euro - 2023 - Quarterly survey,1.1318,0.8380810265,0.8835483301,-0.05283120707,2
2022-03-31,2023,1.151946587,SPF.Q.U2.ASSU.USD.2023.Q.AVG,Euro area (changing composition) - Assumptions - US dollar exchange rate in Euro - 2023 - Quarterly survey,1.1093,0.8680958054,0.9014693951,-0.03772400971,1
2022-03-31,2024,1.174621197,SPF.Q.U2.ASSU.USD.2024.Q.AVG,Euro area (changing composition) - Assumptions - US dollar exchange rate in Euro - 2024 - Quarterly survey,1.1093,0.8513382893,0.9014693951,-0.05721652394,2
2022-06-30,2023,1.128095523,SPF.Q.U2.ASSU.USD.2023.Q.AVG,Euro area (changing composition) - Assumptions - US dollar exchange rate in Euro - 2023 - Quarterly survey,1.0469,0.8864497549,0.9552010698,-0.0746974168,1
2022-06-30,2024,1.152442442,SPF.Q.U2.ASSU.USD.2024.Q.AVG,Euro area (changing composition) - Assumptions - US dollar exchange rate in Euro - 2024 - Quarterly survey,1.0469,0.8677222946,0.9552010698,-0.09605013629,2
2022-09-30,2023,1.08878935,SPF.Q.U2.ASSU.USD.2023.Q.AVG,Euro area (changing composition) - Assumptions - US dollar exchange rate in Euro - 2023 - Quarterly survey,0.9783,0.9184513052,1.022181335,-0.1070052988,1
2022-09-30,2024,1.116194089,SPF.Q.U2.ASSU.USD.2024.Q.AVG,Euro area (changing composition) - Assumptions - US dollar exchange rate in Euro - 2024 - Quarterly survey,0.9783,0.8959015372,1.022181335,-0.1318636711,2
2022-12-31,2023,1.020426262,SPF.Q.U2.ASSU.USD.2023.Q.AVG,Euro area (changing composition) - Assumptions - US dollar exchange rate in Euro - 2023 - Quarterly survey,1.0698,0.9799826181,0.9347541597,0.04725127102,1
2022-12-31,2024,1.048083514,SPF.Q.U2.ASSU.USD.2024.Q.AVG,Euro area (changing composition) - Assumptions - US dollar exchange rate in Euro - 2024 - Quarterly survey,1.0698,0.9541224407,0.9347541597,0.02050844392,2
2023-03-31,2024,1.068693986,SPF.Q.U2.ASSU.USD.2024.Q.AVG,Euro area (changing composition) - Assumptions - US dollar exchange rate in Euro - 2024 - Quarterly survey,1.0872,0.9357215565,0.9197939662,0.01716825471,1
2023-03-31,2025,1.080309226,SPF.Q.U2.ASSU.USD.2025.Q.AVG,Euro area (changing composition) - Assumptions - US dollar exchange rate in Euro - 2025 - Quarterly survey,1.0872,0.9256608904,0.9197939662,0.006358263428,2
2023-06-30,2024,1.112040244,SPF.Q.U2.ASSU.USD.2024.Q.AVG,Euro area (changing composition) - Assumptions - US dollar exchange rate in Euro - 2024 - Quarterly survey,1.092,0.8992480315,0.9157509158,-0.01818550813,1
2023-06-30,2025,1.128336971,SPF.Q.U2.ASSU.USD.2025.Q.AVG,Euro area (changing composition) - Assumptions - US dollar exchange rate in Euro - 2025 - Quarterly survey,1.092,0.8862600678,0.9157509158,-0.03273396393,2
2023-09-30,2024,1.110823457,SPF.Q.U2.ASSU.USD.2024.Q.AVG,Euro area (changing composition) - Assumptions - US dollar exchange rate in Euro - 2024 - Quarterly survey,1.0584,0.9002330598,0.9448223734,-0.04834326,1
2023-09-30,2025,1.12216674,SPF.Q.U2.ASSU.USD.2025.Q.AVG,Euro area (changing composition) - Assumptions - US dollar exchange rate in Euro - 2025 - Quarterly survey,1.0584,0.8911331663,0.9448223734,-0.05850307172,2
2023-12-31,2024,1.095027956,SPF.Q.U2.ASSU.USD.2024.Q.AVG,Euro area (changing composition) - Assumptions - US dollar exchange rate in Euro - 2024 - Quarterly survey,1.1062,0.9132186943,0.9039956608,0.01015082522,1
2023-12-31,2025,1.111163294,SPF.Q.U2.ASSU.USD.2025.Q.AVG,Euro area (changing composition) - Assumptions - US dollar exchange rate in Euro - 2025 - Quarterly survey,1.1062,0.8999577335,0.9039956608,-0.004476760928,2
2024-03-31,2025,1.114978949,SPF.Q.U2.ASSU.USD.2025.Q.AVG,Euro area (changing composition) - Assumptions - US dollar exchange rate in Euro - 2025 - Quarterly survey,1.0791,0.8968779197,0.9266981744,-0.03270816429,1
2024-03-31,2026,1.125042551,SPF.Q.U2.ASSU.USD.2026.Q.AVG,Euro area (changing composition) - Assumptions - US dollar exchange rate in Euro - 2026 - Quarterly survey,1.0791,0.8888552697,0.9266981744,-0.04169349763,2
2024-06-30,2025,1.110740254,SPF.Q.U2.ASSU.USD.2025.Q.AVG,Euro area (changing composition) - Assumptions - US dollar exchange rate in Euro - 2025 - Quarterly survey,1.0711,0.9003004945,0.9336196434,-0.03634053082,1
2024-06-30,2026,1.120895344,SPF.Q.U2.ASSU.USD.2026.Q.AVG,Euro area (changing composition) - Assumptions - US dollar exchange rate in Euro - 2026 - Quarterly survey,1.0711,0.8921439504,0.9336196434,-0.04544162223,2
2024-09-30,2025,1.094974,SPF.Q.U2.ASSU.USD.2025.Q.AVG,Euro area (changing composition) - Assumptions - US dollar exchange rate in Euro - 2025 - Quarterly survey,1.1145,0.9132636939,0.8972633468,0.01767525515,1
2024-09-30,2026,1.104279,SPF.Q.U2.ASSU.USD.2026.Q.AVG,Euro area (changing composition) - Assumptions - US dollar exchange rate in Euro - 2026 - Quarterly survey,1.1145,0.9055682486,0.8972633468,0.009213240525,2
2024-12-31,2025,1.112106442,SPF.Q.U2.ASSU.USD.2025.Q.AVG,Euro area (changing composition) - Assumptions - US dollar exchange rate in Euro - 2025 - Quarterly survey,1.0351,0.8991945038,0.9660902328,-0.07175787183,1
2024-12-31,2026,1.117920741,SPF.Q.U2.ASSU.USD.2026.Q.AVG,Euro area (changing composition) - Assumptions - US dollar exchange rate in Euro - 2026 - Quarterly survey,1.0351,0.8945177985,0.9660902328,-0.07697243814,2
2025-03-31,2026,1.058363112,SPF.Q.U2.ASSU.USD.2026.Q.AVG,Euro area (changing composition) - Assumptions - US dollar exchange rate in Euro - 2026 - Quarterly survey,1.0796,0.9448553037,0.9262689885,0.01986712116,1
2025-03-31,2027,1.07604313,SPF.Q.U2.ASSU.USD.2027.Q.AVG,Euro area (changing composition) - Assumptions - US dollar exchange rate in Euro - 2027 - Quarterly survey,1.0796,0.9293307787,0.9262689885,0.003300057537,2
2025-03-31,2029,1.089992378,SPF.Q.U2.ASSU.USD.2029.Q.AVG,Euro area (changing composition) - Assumptions - US dollar exchange rate in Euro - 2029 - Quarterly survey,1.0796,0.9174376079,0.9262689885,-0.009580101528,4
2025-06-30,2026,1.089136694,SPF.Q.U2.ASSU.USD.2026.Q.AVG,Euro area (changing composition) - Assumptions - US dollar exchange rate in Euro - 2026 - Quarterly survey,1.177,0.9181583958,0.849617672,0.07758346949,1
2025-06-30,2027,1.102212484,SPF.Q.U2.ASSU.USD.2027.Q.AVG,Euro area (changing composition) - Assumptions - US dollar exchange rate in Euro - 2027 - Quarterly survey,1.177,0.90726608,0.849617672,0.06564931916,2
2025-06-30,2029,1.120452937,SPF.Q.U2.ASSU.USD.2029.Q.AVG,Euro area (changing composition) - Assumptions - US dollar exchange rate in Euro - 2029 - Quarterly survey,1.177,0.8924962104,0.849617672,0.04923581695,4
2025-09-30,2026,1.166672999,SPF.Q.U2.ASSU.USD.2026.Q.AVG,Euro area (changing composition) - Assumptions - US dollar exchange rate in Euro - 2026 - Quarterly survey,1.1735,0.8571382046,0.852151683,0.005834628483,1
2025-09-30,2027,1.175072361,SPF.Q.U2.ASSU.USD.2027.Q.AVG,Euro area (changing composition) - Assumptions - US dollar exchange rate in Euro - 2027 - Quarterly survey,1.1735,0.8510114212,0.852151683,-0.001338993314,2
2025-09-30,2030,1.185933208,SPF.Q.U2.ASSU.USD.2030.Q.AVG,Euro area (changing composition) - Assumptions - US dollar exchange rate in Euro - 2030 - Quarterly survey,1.1735,0.8432178082,0.852151683,-0.01053924538,5
2025-12-31,2026,1.191172567,SPF.Q.U2.ASSU.USD.2026.Q.AVG,Euro area (changing composition) - Assumptions - US dollar exchange rate in Euro - 2026 - Quarterly survey,1.1736,0.8395089237,0.8520790729,-0.01486222491,1
2025-12-31,2027,1.195596166,SPF.Q.U2.ASSU.USD.2027.Q.AVG,Euro area (changing composition) - Assumptions - US dollar exchange rate in Euro - 2027 - Quarterly survey,1.1736,0.8364028159,0.8520790729,-0.01856899691,2
2025-12-31,2030,1.202997881,SPF.Q.U2.ASSU.USD.2030.Q.AVG,Euro area (changing composition) - Assumptions - US dollar exchange rate in Euro - 2030 - Quarterly survey,1.1736,0.8312566595,0.8520790729,-0.02474072782,5
2026-03-31,2027,1.185731868,SPF.Q.U2.ASSU.USD.2027.Q.AVG,Euro area (changing composition) - Assumptions - US dollar exchange rate in Euro - 2027 - Quarterly survey,1.1518,0.8433609884,0.8682062858,-0.02903425777,1
2026-03-31,2028,1.196489446,SPF.Q.U2.ASSU.USD.2028.Q.AVG,Euro area (changing composition) - Assumptions - US dollar exchange rate in Euro - 2028 - Quarterly survey,1.1518,0.8357783707,0.8682062858,-0.03806587178,2
2026-03-31,2030,1.2009212,SPF.Q.U2.ASSU.USD.2030.Q.AVG,Euro area (changing composition) - Assumptions - US dollar exchange rate in Euro - 2030 - Quarterly survey,1.1518,0.8326941021,0.8682062858,-0.04176299255,4
2026-06-30,2027,1.190329226,SPF.Q.U2.ASSU.USD.2027.Q.AVG,Euro area (changing composition) - Assumptions - US dollar exchange rate in Euro - 2027 - Quarterly survey,1.1403,0.8401037109,0.8769622029,-0.04293854369,1
2026-06-30,2028,1.203445506,SPF.Q.U2.ASSU.USD.2028.Q.AVG,Euro area (changing composition) - Assumptions - US dollar exchange rate in Euro - 2028 - Quarterly survey,1.1403,0.8309474713,0.8769622029,-0.05389731189,2
2026-06-30,2030,1.196509603,SPF.Q.U2.ASSU.USD.2030.Q.AVG,Euro area (changing composition) - Assumptions - US dollar exchange rate in Euro - 2030 - Quarterly survey,1.1403,0.8357642911,0.8769622029,-0.04811726844,4
